Datetime,Water Level (m)
2025-06-14 06:00:00,0.04098868
2025-06-14 07:00:00,0.25205785
2025-06-14 08:00:00,0.53529423
2025-06-14 09:00:00,0.93785596
2025-06-14 10:00:00,1.2870462
2025-06-14 11:00:00,1.3958868
2025-06-14 12:00:00,1.2794834
2025-06-14 13:00:00,1.0154432
2025-06-14 14:00:00,0.74294037
2025-06-14 15:00:00,0.49262917
2025-06-14 16:00:00,0.2947497
2025-06-14 17:00:00,0.11609008
2025-06-14 18:00:00,-0.04350757
2025-06-14 19:00:00,0.019227322
2025-06-14 20:00:00,0.3338623
2025-06-14 21:00:00,0.5586883
2025-06-14 22:00:00,0.8663191
2025-06-14 23:00:00,1.0205747
2025-06-15 00:00:00,0.9100768
2025-06-15 01:00:00,0.7313832
2025-06-15 02:00:00,0.55440235
2025-06-15 03:00:00,0.3540656
2025-06-15 04:00:00,0.1739653
2025-06-15 05:00:00,0.01573759
2025-06-15 06:00:00,-0.07441377
2025-06-15 07:00:00,0.16850251
2025-06-15 08:00:00,0.47272122
2025-06-15 09:00:00,0.82586014
2025-06-15 10:00:00,1.2867147
2025-06-15 11:00:00,1.552484
2025-06-15 12:00:00,1.5141498
2025-06-15 13:00:00,1.2948576
2025-06-15 14:00:00,1.0334635
2025-06-15 15:00:00,0.7657991
2025-06-15 16:00:00,0.5505652
2025-06-15 17:00:00,0.36436784
2025-06-15 18:00:00,0.1862426
2025-06-15 19:00:00,0.068928055
2025-06-15 20:00:00,0.23254281
2025-06-15 21:00:00,0.52064884
2025-06-15 22:00:00,0.8188556
2025-06-15 23:00:00,1.1471678
2025-06-16 00:00:00,1.2495186
2025-06-16 01:00:00,1.1115383
2025-06-16 02:00:00,0.9276781
2025-06-16 03:00:00,0.74728537
2025-06-16 04:00:00,0.5459841
2025-06-16 05:00:00,0.36923864
2025-06-16 06:00:00,0.22582038
2025-06-16 07:00:00,0.1994417
2025-06-16 08:00:00,0.48808017
2025-06-16 09:00:00,0.78121346
2025-06-16 10:00:00,1.2120976
2025-06-16 11:00:00,1.6088743
2025-06-16 12:00:00,1.7435328
2025-06-16 13:00:00,1.629151
2025-06-16 14:00:00,1.3869829
2025-06-16 15:00:00,1.1194675
2025-06-16 16:00:00,0.8616184
2025-06-16 17:00:00,0.6607697
2025-06-16 18:00:00,0.47881922
2025-06-16 19:00:00,0.31121925
2025-06-16 20:00:00,0.27492785
2025-06-16 21:00:00,0.5231403
2025-06-16 22:00:00,0.7891775
2025-06-16 23:00:00,1.1224207
2025-06-17 00:00:00,1.384677
2025-06-17 01:00:00,1.3925651
2025-06-17 02:00:00,1.2209768
2025-06-17 03:00:00,1.0184193
2025-06-17 04:00:00,0.8033446
2025-06-17 05:00:00,0.6004776
2025-06-17 06:00:00,0.4323218
2025-06-17 07:00:00,0.29823133
2025-06-17 08:00:00,0.33178312
2025-06-17 09:00:00,0.57389957
2025-06-17 10:00:00,0.8508574
2025-06-17 11:00:00,1.2652088
2025-06-17 12:00:00,1.6199521
2025-06-17 13:00:00,1.7052777
2025-06-17 14:00:00,1.5683182
2025-06-17 15:00:00,1.3284138
2025-06-17 16:00:00,1.0672324
2025-06-17 17:00:00,0.8236097
2025-06-17 18:00:00,0.6299733
2025-06-17 19:00:00,0.4426451
2025-06-17 20:00:00,0.285854
2025-06-17 21:00:00,0.2571054
2025-06-17 22:00:00,0.5167142
2025-06-17 23:00:00,0.80497545
2025-06-18 00:00:00,1.1679344
2025-06-18 01:00:00,1.4367659
2025-06-18 02:00:00,1.4711109
2025-06-18 03:00:00,1.3218161
2025-06-18 04:00:00,1.1162722
2025-06-18 05:00:00,0.895854
2025-06-18 06:00:00,0.68805987
2025-06-18 07:00:00,0.5280615
2025-06-18 08:00:00,0.3987197
2025-06-18 09:00:00,0.45400244
2025-06-18 10:00:00,0.6806757
2025-06-18 11:00:00,0.94192463
2025-06-18 12:00:00,1.3380338
2025-06-18 13:00:00,1.6397266
2025-06-18 14:00:00,1.6818794
2025-06-18 15:00:00,1.534824
2025-06-18 16:00:00,1.3031832
2025-06-18 17:00:00,1.0503358
2025-06-18 18:00:00,0.8188656
2025-06-18 19:00:00,0.6301561
2025-06-18 20:00:00,0.44467062
2025-06-18 21:00:00,0.296726
2025-06-18 22:00:00,0.29717034
2025-06-18 23:00:00,0.5680623
2025-06-19 00:00:00,0.8520883
2025-06-19 01:00:00,1.2169914
2025-06-19 02:00:00,1.4811842
2025-06-19 03:00:00,1.5030414
2025-06-19 04:00:00,1.346738
2025-06-19 05:00:00,1.1463455
2025-06-19 06:00:00,0.92937547
2025-06-19 07:00:00,0.7215784
2025-06-19 08:00:00,0.55359364
2025-06-19 09:00:00,0.4118432
2025-06-19 10:00:00,0.40176693
2025-06-19 11:00:00,0.5874937
2025-06-19 12:00:00,0.8287091
2025-06-19 13:00:00,1.1701686
2025-06-19 14:00:00,1.4640001
2025-06-19 15:00:00,1.5163337
2025-06-19 16:00:00,1.3791544
2025-06-19 17:00:00,1.1696458
2025-06-19 18:00:00,0.9480375
2025-06-19 19:00:00,0.7299703
2025-06-19 20:00:00,0.5481444
2025-06-19 21:00:00,0.3706411
2025-06-19 22:00:00,0.24049719
2025-06-19 23:00:00,0.259546
2025-06-20 00:00:00,0.53822225
2025-06-20 01:00:00,0.8385661
2025-06-20 02:00:00,1.2287779
2025-06-20 03:00:00,1.5233247
2025-06-20 04:00:00,1.5693779
2025-06-20 05:00:00,1.4180181
2025-06-20 06:00:00,1.2044075
